Workbook

Sheet HƯỚNG DẪN
A1: BỘ PHẬN CHO THUÊ — HỆ THỐNG THEO DÕI MỤC TIÊU
A2: DAPANO GROUP · Mục tiêu 5 tỷ NOI tăng thêm (5% của kế hoạch 100 tỷ) · T9/2026 → T10/2028
B4: QUY ƯỚC MÀU
B5: Chữ XANH DƯƠNG | C5: Số do người dùng nhập tay. Đây là những ô anh/chị được sửa.
B6: Nền VÀNG | C6: Giả định then chốt — sửa ở sheet GIẢ ĐỊNH, toàn bộ file tự tính lại.
B7: Chữ ĐEN | C7: Công thức. KHÔNG sửa tay, sửa là hỏng liên kết.
B8: Chữ XANH LÁ | C8: Tham chiếu sang sheet khác.
B10: CÁC SHEET
B11: GIẢ ĐỊNH | C11: Toàn bộ thông số đầu vào. Sửa ở đây, mọi sheet khác tự cập nhật.
B12: MỤC TIÊU | C12: Phân rã 5 tỷ theo năm và theo nguồn. Cột NOI mô hình là công thức, cột Mục tiêu giao là con số cam kết.
B13: DANH MỤC TOÀ | C13: 8 toà hiện có + toà dự kiến thêm. Số đơn vị từng toà theo giai đoạn 1 và 2.
B14: THEO DÕI THÁNG | C14: Sổ chính. Mỗi tháng mỗi toà một dòng. Trưởng toà điền 4 ô đầu vào, 5 chỉ số còn lại tự tính.
B15: 40 PHÒNG TRỐNG | C15: Danh sách từng phòng trống, phân nhóm A/B/C/D, bậc thang giá tự tính theo số ngày trống.
B16: NGÂN SÁCH | C16: Trần chi phí theo % doanh thu và đối chiếu thực chi.
B18: NHỊP CẬP NHẬT
B19: Hằng ngày | C19: Trưởng toà cập nhật sheet 40 PHÒNG TRỐNG khi có phòng lấp được.
B20: Ngày 1 và 15 | C20: Trưởng toà điền THEO DÕI THÁNG cho toà mình.
B21: Ngày 3 hằng tháng | C21: GĐ Vận hành chốt số toàn danh mục, đối chiếu MỤC TIÊU.
B24: CẢNH BÁO QUAN TRỌNG | C24: Biên NOI 55% là GIẢ ĐỊNH LẬP KẾ HOẠCH, chưa phải số thật — chi phí vận hành trực tiếp từng toà hiện chưa có trong bất kỳ tài liệu nào.
C25: Sau 2 tháng có số thực chi, phải quay lại sheet GIẢ ĐỊNH sửa lại biên NOI. Toàn bộ mục tiêu sẽ tự tính lại theo số thật.
B28: SỐ ĐỐI CHIẾU KHI MỞ FILE | C28: Mở sheet MỤC TIÊU và đối chiếu ba ô dưới đây. Khớp là file chạy đúng công thức.
B29: G25 — Tổng NOI mô hình | C29: 5.0921063e+09
B30: G26 — Tổng mục tiêu giao | C30: 5000000000
B31: G27 — Đệm an toàn | C31: 92106250
B33: LƯU Ý KỸ THUẬT | C33: File lưu công thức chứ không lưu sẵn kết quả. Excel và Google Sheets sẽ tự tính khi mở — nếu ô nào trống lúc xem thử ở trình xem nhanh, mở bằng Excel là hiện số.

Sheet GIẢ ĐỊNH
A1: GIẢ ĐỊNH
A2: Sửa cột C. Mọi sheet khác tham chiếu về đây.
B4: Thông số | C4: Giá trị | D4: Nguồn / ghi chú
B5: Giá thuê bình quân mỗi đơn vị / tháng (đ) | C5: 5250000 | D5: Biên bản họp 04/05/2026: giá phòng 5–5,5 triệu. Lấy trung điểm.
B6: Biên NOI (%) | C6: 0.55 | D6: GIẢ ĐỊNH LẬP KẾ HOẠCH — chưa có số chi phí thật. Phải hiệu chỉnh sau 2 tháng.
B7: Phí quản lý hộ khách (%) | C7: 0.09 | D7: Khoảng 8–10% trên tiền thuê thu được. Lấy trung điểm.
B8: Tỷ lệ lấp đầy mục tiêu (%) | C8: 0.9 | D8: Mục tiêu vận hành. Sàn chấp nhận được 85%.
B9: Tỷ lệ lấp đầy toà mới trong 6 tháng đầu (%) | C9: 0.85 | D9: Toà mới cần thời gian đạt công suất.
B10: Số đơn vị bình quân mỗi toà mới | C10: 21 | D10: Bình quân 7 dự án có số liệu trong hồ sơ danh mục (147 ÷ 7).
B11: Số đơn vị đang khai thác — mốc gốc T8/2026 | C11: 147 | D11: Hồ sơ Danh mục 08 Dự án, phương án khai thác giai đoạn 1, 7 dự án có số.
B12: Số phòng trống tại mốc gốc | C12: 40 | D12: Biên bản họp 04/05/2026: 28 đang trống + 12 sắp trống.
B13: Số phòng trống cam kết lấp trong 2026 | C13: 30 | D13: Mục tiêu chiến dịch 60 ngày: lấp 30/40.
B14: Số đơn vị tăng thêm khi hoàn tất giai đoạn 2 | C14: 42 | D14: 189 (GĐ2) − 147 (GĐ1), theo hồ sơ danh mục.

Sheet MỤC TIÊU
A1: PHÂN RÃ MỤC TIÊU 5 TỶ — BỘ PHẬN CHO THUÊ
A2: 5% của kế hoạch 100 tỷ. Định nghĩa: NOI TĂNG THÊM so với mốc gốc T8/2026, không tính phần nền danh mục vốn đã chạy.
B4: Nguồn tạo ra NOI tăng thêm | C4: Số đơn vị | D4: Tháng hiệu lực | E4: Lấp đầy | F4: Loại | G4: NOI mô hình (đ) | H4: Ghi chú
B5: GIAI ĐOẠN 1 · T9–T12/2026 (4 tháng)
B6: Lấp 30/40 phòng trống — tính theo phòng-tháng | C6: 73 | D6: 1 | E6: 1 | F6: NOI | G6: =C6*D6*E6*('GIẢ ĐỊNH'!$C$5*'GIẢ ĐỊNH'!$C$6) | H6: Lộ trình lấp: T9 lấp 5 · T10 lấp 10 · T11 lấp 8 · T12 lấp 7. Cộng lại 73 phòng-tháng.
B7: Cộng mô hình | G7: =SUM(G6:G6)
B8: MỤC TIÊU GIAO | G8: 200000000 | H8: Con số cam kết với ban điều hành. Sửa được.
B10: GIAI ĐOẠN 2 · CẢ NĂM 2027
B11: Lớp 1 — 30 phòng đã lấp, chạy đủ năm | C11: 30 | D11: 12 | E11: 1 | F11: NOI | G11: =C11*D11*E11*('GIẢ ĐỊNH'!$C$5*'GIẢ ĐỊNH'!$C$6) | H11: Thành quả 2026 chuyển sang, không phải làm lại.
B12: Lớp 2 — hoàn tất giai đoạn 2 của 8 toà hiện có | C12: 42 | D12: 5 | E12: 0.85 | F12: NOI | G12: =C12*D12*E12*('GIẢ ĐỊNH'!$C$5*'GIẢ ĐỊNH'!$C$6) | H12: 147 → 189 đơn vị. Hiệu lực bình quân 5 tháng vì hoàn thành rải trong năm.
B13: Phí quản lý hộ khách — toà đầu tiên | C13: 20 | D13: 6 | E13: 0.85 | F13: PHÍ | G13: =C13*D13*E13*('GIẢ ĐỊNH'!$C$5*'GIẢ ĐỊNH'!$C$7) | H13: Nhận vận hành hộ, thu phí 9% trên tiền thuê. Không cần vốn.
B14: Cộng mô hình | G14: =SUM(G11:G13)
B15: MỤC TIÊU GIAO | G15: 1600000000 | H15: Con số cam kết với ban điều hành. Sửa được.
B17: GIAI ĐOẠN 3 · T1–T10/2028 (10 tháng)
B18: Nền — 30 phòng đã lấp + 42 đơn vị giai đoạn 2 | C18: 72 | D18: 10 | E18: 0.9 | F18: NOI | G18: =C18*D18*E18*('GIẢ ĐỊNH'!$C$5*'GIẢ ĐỊNH'!$C$6) | H18: Toàn bộ thành quả hai năm trước, chạy ở lấp đầy mục tiêu.
B19: 3 toà mới nhận vận hành | C19: 63 | D19: 6 | E19: 0.85 | F19: NOI | G19: =C19*D19*E19*('GIẢ ĐỊNH'!$C$5*'GIẢ ĐỊNH'!$C$6) | H19: 21 đơn vị/toà. Hiệu lực bình quân 6 tháng.
B20: Toà thứ 4 — toà đóng khoảng cách | C20: 21 | D20: 6 | E20: 0.85 | F20: NOI | G20: =C20*D20*E20*('GIẢ ĐỊNH'!$C$5*'GIẢ ĐỊNH'!$C$6) | H20: Chính toà này đóng nốt phần còn thiếu để chạm 5 tỷ.
B21: Phí quản lý hộ khách — 40 đơn vị | C21: 40 | D21: 10 | E21: 0.9 | F21: PHÍ | G21: =C21*D21*E21*('GIẢ ĐỊNH'!$C$5*'GIẢ ĐỊNH'!$C$7) | H21: Mở rộng dịch vụ quản lý hộ cho khách đầu tư.
B22: Cộng mô hình | G22: =SUM(G18:G21)
B23: MỤC TIÊU GIAO | G23: 3200000000 | H23: Con số cam kết với ban điều hành. Sửa được.
B25: TỔNG TOÀN KỲ | F25: Mô hình | G25: =G7+G14+G22
B26: TỔNG MỤC TIÊU GIAO | G26: =G8+G15+G23
B27: Đệm an toàn (mô hình − giao) | G27: =G25-G26 | H27: Mô hình chạy cao hơn con số cam kết. Đệm dương là lành mạnh — cam kết thấp hơn năng lực.
B29: Quy mô đơn vị khai thác
B30: Mốc gốc T8/2026 | C30: ='GIẢ ĐỊNH'!$C$11
B31: Cuối 2027 | C31: ='GIẢ ĐỊNH'!$C$11+'GIẢ ĐỊNH'!$C$14 | H31: Hoàn tất giai đoạn 2 của 8 toà hiện có
B32: Cuối T10/2028 | C32: ='GIẢ ĐỊNH'!$C$11+'GIẢ ĐỊNH'!$C$14+4*'GIẢ ĐỊNH'!$C$10 | H32: Cộng thêm 4 toà mới
B33: Tăng trưởng 2027 | C33: =C31/C30-1
B34: Tăng trưởng 2028 | C34: =C32/C31-1

Sheet DANH MỤC TOÀ
A1: DANH MỤC TOÀ NHÀ
A2: Nguồn: hồ sơ Danh mục 08 Dự án BĐS Dòng tiền — DAPANO GROUP. Cột xanh dương là số từ hồ sơ, sửa được khi có số cập nhật.
A4: STT | B4: Toà nhà | C4: Quận | D4: Cụm | E4: Đơn vị GĐ1 | F4: Đơn vị GĐ2 | G4: Vốn đầu tư (tỷ) | H4: DT/tháng khi đầy (đ) | I4: Ghi chú
A5: 1 | B5: Điện Biên Phủ | C5: Q.10 | D5: Trung tâm | E5: 19 | F5: 23 | G5: 24.5 | H5: =E5*'GIẢ ĐỊNH'!$C$5 | I5: Doanh thu mục tiêu 200–230 tr/tháng khi hoàn thiện
A6: 2 | B6: Vườn Lài | C6: Tân Phú | D6: Tân Phú | E6: 32 | F6: 39 | G6: 28.5 | H6: =E6*'GIẢ ĐỊNH'!$C$5 | I6: Mật độ phòng cao nhất danh mục. Giá khoán 5,5 tr/phòng
A7: 3 | B7: Tứ Hải | C7: Tân Bình | D7: Trung tâm | E7: 19 | F7: 23 | G7: 21.9 | H7: =E7*'GIẢ ĐỊNH'!$C$5 | I7: ĐANG HOÀN THIỆN — cần kế hoạch lấp đầy trước ngày bàn giao
A8: 4 | B8: Phó Cơ Điều | C8: Q.5 | D8: Trung tâm | E8: 26 | F8: 38 | G8: 27 | H8: =E8*'GIẢ ĐỊNH'!$C$5 | I8: Giá khoán tạm tính 5,5 tr/phòng. GĐ2 tăng mạnh nhất (+12)
A9: 5 | B9: Khuông Việt | C9: Tân Phú | D9: Tân Phú | E9: 15 | F9: 20 | G9: 13.35 | H9: =E9*'GIẢ ĐỊNH'!$C$5 | I9: Mô hình vốn nhẹ, dễ nhân bản. Giá TB ~4,6 tr/phòng
A10: 6 | B10: Gò Dầu | C10: Tân Phú | D10: Tân Phú | E10: 17 | F10: 23 | G10: 20 | H10: =E10*'GIẢ ĐỊNH'!$C$5 | I10: DT GĐ1 102 tr/tháng → GĐ2 138 tr/tháng. Giá khoán 6 tr
A11: 7 | B11: Lê Thị Nho | C11: Q.12 | D11: Lê Thị Nho | E11: 19 | F11: 23 | G11: 22 | H11: =E11*'GIẢ ĐỊNH'!$C$5 | I11: Đa dòng thu: 13 căn hộ + 1 mặt bằng + 5 Sleepbox = 157 tr/tháng
A12: 8 | B12: Đỗ Thừa Luông | C12: Tân Phú | D12: Tân Phú | G12: 28.5 | H12: =E12*'GIẢ ĐỊNH'!$C$5 | I12: THIẾU DỮ LIỆU — hồ sơ danh mục không có phương án khai thác. Trưởng cụm Tân Phú chốt trong 7 ngày.
B13: TỔNG 8 TOÀ | E13: =SUM(E5:E12) | F13: =SUM(F5:F12) | G13: =SUM(G5:G12) | H13: =SUM(H5:H12) | I13: Tổng hiện chưa gồm Đỗ Thừa Luông vì thiếu số phòng.
B15: TOÀ DỰ KIẾN THÊM
B16: Năm 2026 | E16: 0 | I16: Không thêm toà nào. Dồn toàn lực lấp 40 phòng trống — rẻ hơn và nhanh hơn mọi toà mới.
B17: Năm 2027 | E17: 1 | I17: Nhận vận hành hộ 1 toà (~20 đơn vị). Thu phí 9%, không cần vốn.
B18: Năm 2028 | E18: 4 | I18: 4 toà × 21 đơn vị = 84 đơn vị. Toà thứ 4 là toà đóng nốt khoảng cách tới 5 tỷ.

Sheet THEO DÕI THÁNG
A1: SỔ THEO DÕI THÁNG — 4 CHỈ SỐ VẬN HÀNH
A2: Trưởng toà điền 4 cột XANH DƯƠNG (E, F, G, H). Năm cột còn lại tự tính. Nộp ngày 1 và ngày 15 hằng tháng, kể cả tháng xấu.
A4: Kỳ | B4: Toà nhà | C4: Cụm | D4: Trưởng toà | E4: Đơn vị khả dụng | F4: Đơn vị có khách | G4: Doanh thu (đ) | H4: Chi phí trực tiếp (đ) | I4: Lấp đầy | J4: DT / đơn vị (đ) | K4: NOI (đ) | L4: Biên NOI | M4: Đạt lấp đầy?
A5: T09/2026 | B5: Điện Biên Phủ | C5: Trung tâm | D5: (ví dụ) | E5: 19 | F5: 16 | G5: 84000000 | H5: 37800000 | I5: =IF(E5=0,"",F5/E5) | J5: =IF(E5=0,"",G5/E5) | K5: =IF(G5=0,"",G5-H5) | L5: =IF(G5=0,"",(G5-H5)/G5) | M5: =IF(E5=0,"",IF(I5>='GIẢ ĐỊNH'!$C$8,"ĐẠT","CHƯA"))
A6: T09/2026 | B6: Vườn Lài | C6: Tân Phú | I6: =IF(E6=0,"",F6/E6) | J6: =IF(E6=0,"",G6/E6) | K6: =IF(G6=0,"",G6-H6) | L6: =IF(G6=0,"",(G6-H6)/G6) | M6: =IF(E6=0,"",IF(I6>='GIẢ ĐỊNH'!$C$8,"ĐẠT","CHƯA"))
A7: T09/2026 | B7: Tứ Hải | C7: Trung tâm | I7: =IF(E7=0,"",F7/E7) | J7: =IF(E7=0,"",G7/E7) | K7: =IF(G7=0,"",G7-H7) | L7: =IF(G7=0,"",(G7-H7)/G7) | M7: =IF(E7=0,"",IF(I7>='GIẢ ĐỊNH'!$C$8,"ĐẠT","CHƯA"))
A8: T09/2026 | B8: Phó Cơ Điều | C8: Trung tâm | I8: =IF(E8=0,"",F8/E8) | J8: =IF(E8=0,"",G8/E8) | K8: =IF(G8=0,"",G8-H8) | L8: =IF(G8=0,"",(G8-H8)/G8) | M8: =IF(E8=0,"",IF(I8>='GIẢ ĐỊNH'!$C$8,"ĐẠT","CHƯA"))
A9: T09/2026 | B9: Khuông Việt | C9: Tân Phú | I9: =IF(E9=0,"",F9/E9) | J9: =IF(E9=0,"",G9/E9) | K9: =IF(G9=0,"",G9-H9) | L9: =IF(G9=0,"",(G9-H9)/G9) | M9: =IF(E9=0,"",IF(I9>='GIẢ ĐỊNH'!$C$8,"ĐẠT","CHƯA"))
A10: T09/2026 | B10: Gò Dầu | C10: Tân Phú | I10: =IF(E10=0,"",F10/E10) | J10: =IF(E10=0,"",G10/E10) | K10: =IF(G10=0,"",G10-H10) | L10: =IF(G10=0,"",(G10-H10)/G10) | M10: =IF(E10=0,"",IF(I10>='GIẢ ĐỊNH'!$C$8,"ĐẠT","CHƯA"))
A11: T09/2026 | B11: Lê Thị Nho | C11: Lê Thị Nho | I11: =IF(E11=0,"",F11/E11) | J11: =IF(E11=0,"",G11/E11) | K11: =IF(G11=0,"",G11-H11) | L11: =IF(G11=0,"",(G11-H11)/G11) | M11: =IF(E11=0,"",IF(I11>='GIẢ ĐỊNH'!$C$8,"ĐẠT","CHƯA"))
A12: T09/2026 | B12: Đỗ Thừa Luông | C12: Tân Phú | I12: =IF(E12=0,"",F12/E12) | J12: =IF(E12=0,"",G12/E12) | K12: =IF(G12=0,"",G12-H12) | L12: =IF(G12=0,"",(G12-H12)/G12) | M12: =IF(E12=0,"",IF(I12>='GIẢ ĐỊNH'!$C$8,"ĐẠT","CHƯA"))
A13: T10/2026 | B13: Điện Biên Phủ | C13: Trung tâm | I13: =IF(E13=0,"",F13/E13) | J13: =IF(E13=0,"",G13/E13) | K13: =IF(G13=0,"",G13-H13) | L13: =IF(G13=0,"",(G13-H13)/G13) | M13: =IF(E13=0,"",IF(I13>='GIẢ ĐỊNH'!$C$8,"ĐẠT","CHƯA"))
A14: T10/2026 | B14: Vườn Lài | C14: Tân Phú | I14: =IF(E14=0,"",F14/E14) | J14: =IF(E14=0,"",G14/E14) | K14: =IF(G14=0,"",G14-H14) | L14: =IF(G14=0,"",(G14-H14)/G14) | M14: =IF(E14=0,"",IF(I14>='GIẢ ĐỊNH'!$C$8,"ĐẠT","CHƯA"))
A15: T10/2026 | B15: Tứ Hải | C15: Trung tâm | I15: =IF(E15=0,"",F15/E15) | J15: =IF(E15=0,"",G15/E15) | K15: =IF(G15=0,"",G15-H15) | L15: =IF(G15=0,"",(G15-H15)/G15) | M15: =IF(E15=0,"",IF(I15>='GIẢ ĐỊNH'!$C$8,"ĐẠT","CHƯA"))
A16: T10/2026 | B16: Phó Cơ Điều | C16: Trung tâm | I16: =IF(E16=0,"",F16/E16) | J16: =IF(E16=0,"",G16/E16) | K16: =IF(G16=0,"",G16-H16) | L16: =IF(G16=0,"",(G16-H16)/G16) | M16: =IF(E16=0,"",IF(I16>='GIẢ ĐỊNH'!$C$8,"ĐẠT","CHƯA"))
A17: T10/2026 | B17: Khuông Việt | C17: Tân Phú | I17: =IF(E17=0,"",F17/E17) | J17: =IF(E17=0,"",G17/E17) | K17: =IF(G17=0,"",G17-H17) | L17: =IF(G17=0,"",(G17-H17)/G17) | M17: =IF(E17=0,"",IF(I17>='GIẢ ĐỊNH'!$C$8,"ĐẠT","CHƯA"))
... A212: T10/2028 | B212: Đỗ Thừa Luông | C212: Tân Phú | I212: =IF(E212=0,"",F212/E212) | J212: =IF(E212=0,"",G212/E212) | K212: =IF(G212=0,"",G212-H212) | L212: =IF(G212=0,"",(G212-H212)/G212) | M212: =IF(E212=0,"",IF(I212>='GIẢ ĐỊNH'!$C$8,"ĐẠT","CHƯA"))

Sheet 40 PHÒNG TRỐNG
A1: DANH SÁCH PHÒNG TRỐNG — PHÂN NHÓM A / B / C / D
A2: Hạn phân loại: 17/09/2026. Mỗi phòng chọn ĐÚNG MỘT nhóm. Cột Bậc thang giá tự tính theo số ngày trống — không cần họp bàn.
A4: STT | B4: Toà nhà | C4: Số phòng | D4: Ngày bắt đầu trống | E4: Số ngày trống | F4: Nhóm | G4: Giá niêm yết (đ) | H4: Bậc thang phải áp | I4: Hành động cụ thể | J4: Người phụ trách | K4: Ngày lấp được | L4: Trạng thái
A5: 1 | B5: Vườn Lài | C5: 305 | D5: 2026-07-15 | E5: =IF(D5="","",IF(K5<>"",K5-D5,TODAY()-D5)) | F5: C | G5: 5500000 | H5: =IF(D5="","",IF(E5<=15,"Giữ giá — đẩy kênh",IF(E5<=30,"Giữ giá — tặng thêm giá trị",IF(E5<=45,"Giảm 5–8% — Quản lý cụm duyệt",IF(E5<=60,"Giảm tới 12% hoặc đổi mô hình — QL cụm","DỪNG BÁN — đưa vào cải tạo bắt buộc"))))) | I5: Tặng 1 tuần ở đầu tiên, giữ giá niêm yết | J5: (ví dụ) | L5: =IF(K5<>"","Đã lấp",IF(D5="","","Đang trống"))
A6: 2 | E6: =IF(D6="","",IF(K6<>"",K6-D6,TODAY()-D6)) | H6: =IF(D6="","",IF(E6<=15,"Giữ giá — đẩy kênh",IF(E6<=30,"Giữ giá — tặng thêm giá trị",IF(E6<=45,"Giảm 5–8% — Quản lý cụm duyệt",IF(E6<=60,"Giảm tới 12% hoặc đổi mô hình — QL cụm","DỪNG BÁN — đưa vào cải tạo bắt buộc"))))) | L6: =IF(K6<>"","Đã lấp",IF(D6="","","Đang trống"))
A7: 3 | E7: =IF(D7="","",IF(K7<>"",K7-D7,TODAY()-D7)) | H7: =IF(D7="","",IF(E7<=15,"Giữ giá — đẩy kênh",IF(E7<=30,"Giữ giá — tặng thêm giá trị",IF(E7<=45,"Giảm 5–8% — Quản lý cụm duyệt",IF(E7<=60,"Giảm tới 12% hoặc đổi mô hình — QL cụm","DỪNG BÁN — đưa vào cải tạo bắt buộc"))))) | L7: =IF(K7<>"","Đã lấp",IF(D7="","","Đang trống"))
A8: 4 | E8: =IF(D8="","",IF(K8<>"",K8-D8,TODAY()-D8)) | H8: =IF(D8="","",IF(E8<=15,"Giữ giá — đẩy kênh",IF(E8<=30,"Giữ giá — tặng thêm giá trị",IF(E8<=45,"Giảm 5–8% — Quản lý cụm duyệt",IF(E8<=60,"Giảm tới 12% hoặc đổi mô hình — QL cụm","DỪNG BÁN — đưa vào cải tạo bắt buộc"))))) | L8: =IF(K8<>"","Đã lấp",IF(D8="","","Đang trống"))
A9: 5 | E9: =IF(D9="","",IF(K9<>"",K9-D9,TODAY()-D9)) | H9: =IF(D9="","",IF(E9<=15,"Giữ giá — đẩy kênh",IF(E9<=30,"Giữ giá — tặng thêm giá trị",IF(E9<=45,"Giảm 5–8% — Quản lý cụm duyệt",IF(E9<=60,"Giảm tới 12% hoặc đổi mô hình — QL cụm","DỪNG BÁN — đưa vào cải tạo bắt buộc"))))) | L9: =IF(K9<>"","Đã lấp",IF(D9="","","Đang trống"))
A10: 6 | E10: =IF(D10="","",IF(K10<>"",K10-D10,TODAY()-D10)) | H10: =IF(D10="","",IF(E10<=15,"Giữ giá — đẩy kênh",IF(E10<=30,"Giữ giá — tặng thêm giá trị",IF(E10<=45,"Giảm 5–8% — Quản lý cụm duyệt",IF(E10<=60,"Giảm tới 12% hoặc đổi mô hình — QL cụm","DỪNG BÁN — đưa vào cải tạo bắt buộc"))))) | L10: =IF(K10<>"","Đã lấp",IF(D10="","","Đang trống"))
A11: 7 | E11: =IF(D11="","",IF(K11<>"",K11-D11,TODAY()-D11)) | H11: =IF(D11="","",IF(E11<=15,"Giữ giá — đẩy kênh",IF(E11<=30,"Giữ giá — tặng thêm giá trị",IF(E11<=45,"Giảm 5–8% — Quản lý cụm duyệt",IF(E11<=60,"Giảm tới 12% hoặc đổi mô hình — QL cụm","DỪNG BÁN — đưa vào cải tạo bắt buộc"))))) | L11: =IF(K11<>"","Đã lấp",IF(D11="","","Đang trống"))
A12: 8 | E12: =IF(D12="","",IF(K12<>"",K12-D12,TODAY()-D12)) | H12: =IF(D12="","",IF(E12<=15,"Giữ giá — đẩy kênh",IF(E12<=30,"Giữ giá — tặng thêm giá trị",IF(E12<=45,"Giảm 5–8% — Quản lý cụm duyệt",IF(E12<=60,"Giảm tới 12% hoặc đổi mô hình — QL cụm","DỪNG BÁN — đưa vào cải tạo bắt buộc"))))) | L12: =IF(K12<>"","Đã lấp",IF(D12="","","Đang trống"))
A13: 9 | E13: =IF(D13="","",IF(K13<>"",K13-D13,TODAY()-D13)) | H13: =IF(D13="","",IF(E13<=15,"Giữ giá — đẩy kênh",IF(E13<=30,"Giữ giá — tặng thêm giá trị",IF(E13<=45,"Giảm 5–8% — Quản lý cụm duyệt",IF(E13<=60,"Giảm tới 12% hoặc đổi mô hình — QL cụm","DỪNG BÁN — đưa vào cải tạo bắt buộc"))))) | L13: =IF(K13<>"","Đã lấp",IF(D13="","","Đang trống"))
A14: 10 | E14: =IF(D14="","",IF(K14<>"",K14-D14,TODAY()-D14)) | H14: =IF(D14="","",IF(E14<=15,"Giữ giá — đẩy kênh",IF(E14<=30,"Giữ giá — tặng thêm giá trị",IF(E14<=45,"Giảm 5–8% — Quản lý cụm duyệt",IF(E14<=60,"Giảm tới 12% hoặc đổi mô hình — QL cụm","DỪNG BÁN — đưa vào cải tạo bắt buộc"))))) | L14: =IF(K14<>"","Đã lấp",IF(D14="","","Đang trống"))
A15: 11 | E15: =IF(D15="","",IF(K15<>"",K15-D15,TODAY()-D15)) | H15: =IF(D15="","",IF(E15<=15,"Giữ giá — đẩy kênh",IF(E15<=30,"Giữ giá — tặng thêm giá trị",IF(E15<=45,"Giảm 5–8% — Quản lý cụm duyệt",IF(E15<=60,"Giảm tới 12% hoặc đổi mô hình — QL cụm","DỪNG BÁN — đưa vào cải tạo bắt buộc"))))) | L15: =IF(K15<>"","Đã lấp",IF(D15="","","Đang trống"))
A16: 12 | E16: =IF(D16="","",IF(K16<>"",K16-D16,TODAY()-D16)) | H16: =IF(D16="","",IF(E16<=15,"Giữ giá — đẩy kênh",IF(E16<=30,"Giữ giá — tặng thêm giá trị",IF(E16<=45,"Giảm 5–8% — Quản lý cụm duyệt",IF(E16<=60,"Giảm tới 12% hoặc đổi mô hình — QL cụm","DỪNG BÁN — đưa vào cải tạo bắt buộc"))))) | L16: =IF(K16<>"","Đã lấp",IF(D16="","","Đang trống"))
A17: 13 | E17: =IF(D17="","",IF(K17<>"",K17-D17,TODAY()-D17)) | H17: =IF(D17="","",IF(E17<=15,"Giữ giá — đẩy kênh",IF(E17<=30,"Giữ giá — tặng thêm giá trị",IF(E17<=45,"Giảm 5–8% — Quản lý cụm duyệt",IF(E17<=60,"Giảm tới 12% hoặc đổi mô hình — QL cụm","DỪNG BÁN — đưa vào cải tạo bắt buộc"))))) | L17: =IF(K17<>"","Đã lấp",IF(D17="","","Đang trống"))
... A44: 40 | E44: =IF(D44="","",IF(K44<>"",K44-D44,TODAY()-D44)) | H44: =IF(D44="","",IF(E44<=15,"Giữ giá — đẩy kênh",IF(E44<=30,"Giữ giá — tặng thêm giá trị",IF(E44<=45,"Giảm 5–8% — Quản lý cụm duyệt",IF(E44<=60,"Giảm tới 12% hoặc đổi mô hình — QL cụm","DỪNG BÁN — đưa vào cải tạo bắt buộc"))))) | L44: =IF(K44<>"","Đã lấp",IF(D44="","","Đang trống"))
B46: TỔNG HỢP THEO NHÓM
B47: Nhóm A — Mùa vụ | E47: =COUNTIF($F$5:$F$44,"A") | I47: Chuyển tạm sang khách ngắn ngày. KHÔNG giảm giá dài hạn.
B48: Nhóm B — Sản phẩm kém | E48: =COUNTIF($F$5:$F$44,"B") | I48: Cải tạo có mục tiêu. Trong lúc chờ, NGỪNG dẫn khách đi xem.
B49: Nhóm C — Giá sai | E49: =COUNTIF($F$5:$F$44,"C") | I49: Bậc thang giá. Ưu tiên tặng giá trị hơn cắt giá.
B50: Nhóm D — Không ai biết | E50: =COUNTIF($F$5:$F$44,"D") | I50: Landing page riêng mỗi toà, mỗi trang một số điện thoại.
B51: Đã phân loại / 40 | E51: =COUNTA($F$5:$F$44) | I51: Chưa đủ 40 thì chưa bắt đầu chiến dịch.
B52: Đã lấp được | E52: =COUNTIF($L$5:$L$44,"Đã lấp") | I52: Mục tiêu: 15 phòng sau 30 ngày · 30 phòng sau 60 ngày.
B53: Doanh thu khôi phục / tháng (đ) | E53: =COUNTIF($L$5:$L$44,"Đã lấp")*'GIẢ ĐỊNH'!$C$5

Sheet NGÂN SÁCH
A1: NGÂN SÁCH CHI PHÍ VẬN HÀNH
A2: Trần chi phí theo % doanh thu. Tổng 45% → biên NOI 55%. Điền doanh thu và thực chi để so với trần.
B4: Khoản mục | C4: Trần (% DT) | D4: Ngân sách (đ) | E4: Thực chi (đ) | F4: Chênh lệch | G4: % thực tế | H4: Trạng thái
B5: Doanh thu kỳ báo cáo | E5: 100000000 | H5: Nhập doanh thu thực tế của kỳ
B7: Nhân sự toà — quản lý, lễ tân, bảo vệ | C7: 0.12 | D7: =$E$5*C7 | F7: =IF(E7="","",D7-E7) | G7: =IF(OR(E7="",$E$5=0),"",E7/$E$5) | H7: =IF(E7="","",IF(E7<=D7,"Trong trần","VƯỢT TRẦN"))
B8: Dọn phòng & giặt là | C8: 0.09 | D8: =$E$5*C8 | F8: =IF(E8="","",D8-E8) | G8: =IF(OR(E8="",$E$5=0),"",E8/$E$5) | H8: =IF(E8="","",IF(E8<=D8,"Trong trần","VƯỢT TRẦN"))
B9: Điện nước khu vực chung | C9: 0.08 | D9: =$E$5*C9 | F9: =IF(E9="","",D9-E9) | G9: =IF(OR(E9="",$E$5=0),"",E9/$E$5) | H9: =IF(E9="","",IF(E9<=D9,"Trong trần","VƯỢT TRẦN"))
B10: Bảo trì & sửa chữa nhỏ | C10: 0.06 | D10: =$E$5*C10 | F10: =IF(E10="","",D10-E10) | G10: =IF(OR(E10="",$E$5=0),"",E10/$E$5) | H10: =IF(E10="","",IF(E10<=D10,"Trong trần","VƯỢT TRẦN"))
B11: Marketing lấp phòng | C11: 0.04 | D11: =$E$5*C11 | F11: =IF(E11="","",D11-E11) | G11: =IF(OR(E11="",$E$5=0),"",E11/$E$5) | H11: =IF(E11="","",IF(E11<=D11,"Trong trần","VƯỢT TRẦN"))
B12: Vật tư tiêu hao | C12: 0.03 | D12: =$E$5*C12 | F12: =IF(E12="","",D12-E12) | G12: =IF(OR(E12="",$E$5=0),"",E12/$E$5) | H12: =IF(E12="","",IF(E12<=D12,"Trong trần","VƯỢT TRẦN"))
B13: Dự phòng | C13: 0.03 | D13: =$E$5*C13 | F13: =IF(E13="","",D13-E13) | G13: =IF(OR(E13="",$E$5=0),"",E13/$E$5) | H13: =IF(E13="","",IF(E13<=D13,"Trong trần","VƯỢT TRẦN"))
B14: TỔNG CHI PHÍ TRỰC TIẾP | C14: =SUM(C7:C13) | D14: =SUM(D7:D13) | E14: =SUM(E7:E13) | F14: =SUM(F7:F13) | G14: =IF($E$5=0,"",E14/$E$5)
B15: NOI (doanh thu − chi phí) | D15: =$E$5-D14 | E15: =IF(E14=0,"",$E$5-E14) | G15: =IF(OR(E14=0,$E$5=0),"",($E$5-E14)/$E$5) | H15: So với giả định 55%
B17: HẠN MỨC DUYỆT CHI
B18: Trưởng toà | D18: ≤ 2 triệu/lần · ≤ 10 triệu/tháng
B19: Quản lý cụm | D19: ≤ 20 triệu/lần
B20: Giám đốc Vận hành | D20: ≤ 100 triệu/lần
B21: Anh Toàn | D21: Trên 100 triệu
B23: CƠ CHẾ THƯỞNG
B24: Quỹ thưởng | D24: 10% phần NOI vượt mục tiêu giao
B25: Chia | D25: Trưởng toà 50% · Quản lý cụm 30% · GĐ Vận hành 20%
B26: Điều kiện bắt buộc | D26: Chỉ chi thưởng khi 4 chỉ số được nộp ĐÚNG HẠN đủ 12 kỳ trong năm
B27: Vì sao | D27: Gắn tiền vào kỷ luật báo cáo — đây là thứ đang thiếu, không phải thiếu nỗ lực
